{
  "summary_statistics": {
    "mean_accuracy": {
      "2": 1.0,
      "5": 1.0,
      "10": 0.4,
      "20": 0.3,
      "50": 0.2
    },
    "std_accuracy": {
      "2": 0.0,
      "5": 0.0,
      "10": 0.5163977794943222,
      "20": 0.48304589153964794,
      "50": 0.4216370213557839
    },
    "mean_latency": {
      "2": 7.07084481716156,
      "5": 8.106190609931947,
      "10": 16.436931204795837,
      "20": 86.23735139369964,
      "50": 15.879034829139709
    },
    "std_latency": {
      "2": 2.7572907587129736,
      "5": 0.1639858336221021,
      "10": 6.730285906910765,
      "20": 58.06151392282129,
      "50": 8.442564466124674
    },
    "mean_tokens": {
      "2": 563.9,
      "5": 1360.5,
      "10": 2711.7,
      "20": 5407.2,
      "50": 13345.2
    }
  },
  "confidence_intervals": {
    "2": {
      "lower": 1.0,
      "upper": 1.0,
      "mean": 1.0
    },
    "5": {
      "lower": 1.0,
      "upper": 1.0,
      "mean": 1.0
    },
    "10": {
      "lower": 0.03059128220169255,
      "upper": 0.7694087177983076,
      "mean": 0.4
    },
    "20": {
      "lower": -0.04555021442218188,
      "upper": 0.6455502144221819,
      "mean": 0.3
    },
    "50": {
      "lower": -0.10162095504721325,
      "upper": 0.5016209550472133,
      "mean": 0.2
    }
  },
  "correlation_accuracy_size": {
    "correlation": -0.546096487053539,
    "p_value": 4.0932136102798865e-05,
    "method": "pearson"
  },
  "correlation_latency_size": {
    "correlation": 0.12071769813857734,
    "p_value": 0.4036765638201411,
    "method": "pearson"
  },
  "regression_accuracy": {
    "slope": -0.2886521471933215,
    "intercept": 1.244646131188065,
    "r_squared": 0.4201223832114036,
    "p_value": 3.598802557120023e-07,
    "std_err": 0.048947941937894014
  },
  "regression_latency_linear": {
    "slope": 0.2711408291912885,
    "intercept": 22.02822014301732,
    "r_squared": 0.014572762643876679,
    "p_value": 0.4036765638201417,
    "std_err": 0.32182193112983526
  },
  "regression_latency_quadratic": {
    "a": -0.1289205580431647,
    "b": 7.199463670111322,
    "c": -20.42452322644205,
    "equation": "-0.1289*x^2 + 7.1995*x + -20.4245"
  },
  "num_trials": 50,
  "context_sizes_tested": [
    2,
    5,
    10,
    20,
    50
  ]
}