{
  "summary_statistics": {
    "select": {
      "mean_accuracy": 0.1,
      "std_accuracy": 0.3,
      "mean_context_size": 31.0,
      "std_context_size": 11.313708498984761,
      "mean_latency": 6.698242139816284,
      "std_latency": 2.653029825032274,
      "total_compressions": 0
    },
    "compress": {
      "mean_accuracy": 0.23333333333333334,
      "std_accuracy": 0.4229525846816506,
      "mean_context_size": 42.5,
      "std_context_size": 22.544400635190993,
      "mean_latency": 5.065174301465352,
      "std_latency": 1.8388867354281013,
      "total_compressions": 0
    },
    "write": {
      "mean_accuracy": 0.2,
      "std_accuracy": 0.4000000000000001,
      "mean_context_size": 42.5,
      "std_context_size": 22.544400635190993,
      "mean_latency": 5.139687442779541,
      "std_latency": 2.780338130155848,
      "total_compressions": 0
    },
    "hybrid": {
      "mean_accuracy": 0.1,
      "std_accuracy": 0.3,
      "mean_context_size": 31.0,
      "std_context_size": 11.313708498984761,
      "mean_latency": 6.644002842903137,
      "std_latency": 2.5105935194625113,
      "total_compressions": 0
    }
  },
  "analysis": {
    "strategy_rankings": {
      "compress": 1,
      "write": 2,
      "select": 3,
      "hybrid": 4
    },
    "best_strategy": "compress",
    "recommendations": {
      "select": "Memory efficient",
      "compress": "Memory efficient",
      "write": "Memory efficient",
      "hybrid": "Memory efficient"
    }
  },
  "timestamp": "2025-12-01T14:30:28.541236"
}