{
  "summary_statistics": {
    "mean_accuracy": {
      "2": 1.0,
      "5": 1.0,
      "10": 0.6666666666666666,
      "20": 1.0,
      "50": 0.3333333333333333
    },
    "std_accuracy": {
      "2": 0.0,
      "5": 0.0,
      "10": 0.5773502691896258,
      "20": 0.0,
      "50": 0.5773502691896258
    },
    "mean_latency": {
      "2": 0.7888663085389821,
      "5": 1.2636956514025768,
      "10": 2.5780640433208437,
      "20": 6.606341752391014,
      "50": 30.60878970354771
    },
    "std_latency": {
      "2": 0.11545940303266543,
      "5": 0.04717540249537327,
      "10": 0.10675815263134925,
      "20": 0.0403623072805477,
      "50": 0.1300282970125853
    },
    "mean_tokens": {
      "2": 575.0,
      "5": 1378.0,
      "10": 2710.3333333333335,
      "20": 5427.333333333333,
      "50": 13495.333333333334
    }
  },
  "confidence_intervals": {
    "2": {
      "lower": 1.0,
      "upper": 1.0,
      "mean": 1.0
    },
    "5": {
      "lower": 1.0,
      "upper": 1.0,
      "mean": 1.0
    },
    "10": {
      "lower": -0.7675509098987142,
      "upper": 2.1008842432320476,
      "mean": 0.6666666666666666
    },
    "20": {
      "lower": 1.0,
      "upper": 1.0,
      "mean": 1.0
    },
    "50": {
      "lower": -1.1008842432320476,
      "upper": 1.767550909898714,
      "mean": 0.3333333333333333
    }
  },
  "correlation_accuracy_size": {
    "correlation": -0.553384014209768,
    "p_value": 0.03235784716331646,
    "method": "pearson"
  },
  "correlation_latency_size": {
    "correlation": 0.9837182435756799,
    "p_value": 4.492316213609381e-11,
    "method": "pearson"
  },
  "regression_accuracy": {
    "slope": -0.17470665336764737,
    "intercept": 1.2022769356912228,
    "r_squared": 0.234316259570312,
    "p_value": 0.06749380059387902,
    "std_err": 0.08759135965197264
  },
  "regression_latency_linear": {
    "slope": 0.6389433683622,
    "intercept": -2.7484631176620535,
    "r_squared": 0.9677015827436214,
    "p_value": 4.492316213608777e-11,
    "std_err": 0.03237506026281615
  },
  "regression_latency_quadratic": {
    "a": 0.00991650603739698,
    "b": 0.10602017656205714,
    "c": 0.5169810622053346,
    "equation": "0.0099*x^2 + 0.1060*x + 0.5170"
  },
  "num_trials": 15,
  "context_sizes_tested": [
    2,
    5,
    10,
    20,
    50
  ]
}