,mean_accuracy,std_accuracy,mean_latency,std_latency,mean_tokens
2,1.0,0.0,0.7888663085389821,0.11545940303266543,575.0
5,1.0,0.0,1.2636956514025768,0.04717540249537327,1378.0
10,0.6666666666666666,0.5773502691896258,2.5780640433208437,0.10675815263134925,2710.3333333333335
20,1.0,0.0,6.606341752391014,0.0403623072805477,5427.333333333333
50,0.3333333333333333,0.5773502691896258,30.60878970354771,0.1300282970125853,13495.333333333334
