{
  "summary_statistics": {
    "select": {
      "mean_accuracy": 0.46,
      "std_accuracy": 0.49839743177508455,
      "mean_context_size": 31.0,
      "std_context_size": 11.313708498984761,
      "mean_latency": 0.0212312650680542,
      "std_latency": 0.0004947413494188617,
      "total_compressions": 0
    },
    "compress": {
      "mean_accuracy": 0.9,
      "std_accuracy": 0.3,
      "mean_context_size": 42.5,
      "std_context_size": 22.544400635190993,
      "mean_latency": 0.021097474098205567,
      "std_latency": 0.00038918251275877095,
      "total_compressions": 0
    },
    "write": {
      "mean_accuracy": 0.92,
      "std_accuracy": 0.2712931993250107,
      "mean_context_size": 42.5,
      "std_context_size": 22.544400635190993,
      "mean_latency": 0.02112433910369873,
      "std_latency": 0.00030328790752840617,
      "total_compressions": 0
    },
    "hybrid": {
      "mean_accuracy": 0.4,
      "std_accuracy": 0.48989794855663565,
      "mean_context_size": 31.0,
      "std_context_size": 11.313708498984761,
      "mean_latency": 0.021139459609985353,
      "std_latency": 0.00044182577937389227,
      "total_compressions": 0
    }
  },
  "analysis": {
    "strategy_rankings": {
      "write": 1,
      "compress": 2,
      "select": 3,
      "hybrid": 4
    },
    "best_strategy": "write",
    "recommendations": {
      "select": "Memory efficient, Fast response",
      "compress": "High accuracy, Memory efficient, Fast response",
      "write": "High accuracy, Memory efficient, Fast response",
      "hybrid": "Memory efficient, Fast response"
    }
  },
  "timestamp": "2025-12-01T09:42:58.563090",
  "config": {
    "num_steps": 10,
    "num_runs": 5,
    "max_tokens": 2000
  }
}